<?xml version="1.0"?>
<winnersList><Player><Name>eee</Name><Steps>17</Steps><Time>6</Time></Player><Player><Name>ddd</Name><Steps>33</Steps><Time>12</Time></Player><Player><Name>NN</Name><Steps>15</Steps><Time>7</Time></Player><Player><Name>e</Name><Steps>28</Steps><Time>25</Time></Player><Player><Name>e</Name><Steps>29</Steps><Time>26</Time></Player><Player><Name>e</Name><Steps>30</Steps><Time>30</Time></Player><Player><Name>e</Name><Steps>31</Steps><Time>39</Time></Player><Player><Name>fgh</Name><Steps>8</Steps><Time>3</Time></Player><Player><Name>pepe</Name><Steps>17</Steps><Time>25</Time></Player></winnersList>
